zone_datetime,timestamp,carbon_intensity_avg,fossilFuelPercentage
2022-08-02T19:00:00.000Z,1659475810.0,652.0,87.1
2022-08-02T20:00:00.000Z,1659478510.5,652.0,87.1
2022-08-02T21:00:00.000Z,1659482109.5,652.0,87.1
2022-08-02T22:00:00.000Z,1659485710.5,652.0,87.1
2022-08-02T23:00:00.000Z,1659489310.5,652.0,87.1
2022-08-03T00:00:00.000Z,1659492910.0,652.0,87.1
2022-08-03T01:00:00.000Z,1659496509.5,652.0,87.1
2022-08-03T02:00:00.000Z,1659500109.5,652.0,87.1
2022-08-03T03:00:00.000Z,1659503710.0,652.0,87.1
2022-08-03T04:00:00.000Z,1659507309.5,652.0,87.1
2022-08-03T05:00:00.000Z,1659510909.5,652.0,87.1
2022-08-03T06:00:00.000Z,1659514509.5,652.0,87.1
2022-08-03T07:00:00.000Z,1659518110.0,652.0,87.1
2022-08-03T08:00:00.000Z,1659521710.0,652.0,87.1
2022-08-03T09:00:00.000Z,1659525312.5,652.0,87.1
2022-08-03T10:00:00.000Z,1659528911.0,652.0,87.1
2022-08-03T11:00:00.000Z,1659531611.0,652.0,87.1
2022-08-03T13:00:00.000Z,1659540723.0,652.0,87.1
2022-08-03T14:00:00.000Z,1659544326.0,652.0,87.1
2022-08-03T15:00:00.000Z,1659546124.0,652.0,87.1
2022-08-03T16:00:00.000Z,1659550625.5,652.0,87.1
2022-08-03T17:00:00.000Z,1659555124.0,652.0,87.1
2022-08-03T18:00:00.000Z,1659556925.0,652.0,87.1
2022-08-03T19:00:00.000Z,1659561422.0,652.0,87.1
2022-08-03T20:00:00.000Z,1659565022.0,652.0,87.1
2022-08-03T21:00:00.000Z,1659568622.0,652.0,87.1
2022-08-03T22:00:00.000Z,1659572222.0,652.0,87.1
2022-08-03T23:00:00.000Z,1659575822.0,652.0,87.1
2022-08-04T00:00:00.000Z,1659579422.0,652.0,87.1
2022-08-04T01:00:00.000Z,1659583021.5,652.0,87.1
2022-08-04T02:00:00.000Z,1659586621.5,652.0,87.1
2022-08-04T03:00:00.000Z,1659590221.5,652.0,87.1
2022-08-04T04:00:00.000Z,1659593820.5,652.0,87.1
2022-08-04T05:00:00.000Z,1659597420.5,652.0,87.1
2022-08-04T06:00:00.000Z,1659601020.0,652.0,87.1
2022-08-04T07:00:00.000Z,1659604620.0,652.0,87.1
2022-08-04T08:00:00.000Z,1659608220.5,652.0,87.1
2022-08-04T09:00:00.000Z,1659611820.5,652.0,87.1
2022-08-04T10:00:00.000Z,1659615420.5,652.0,87.1
2022-08-04T11:00:00.000Z,1659619022.0,652.0,87.1
2022-08-04T12:00:00.000Z,1659622622.0,652.0,87.1
2022-08-04T13:00:00.000Z,1659626220.5,652.0,87.1
2022-08-04T14:00:00.000Z,1659629821.5,652.0,87.1
2022-08-04T15:00:00.000Z,1659633421.5,652.0,87.1
2022-08-04T16:00:00.000Z,1659637023.0,652.0,87.1
2022-08-04T17:00:00.000Z,1659640622.5,652.0,87.1
2022-08-04T18:00:00.000Z,1659644285.5,652.0,87.1
2022-08-04T19:00:00.000Z,1659647820.5,652.0,87.1
2022-08-04T20:00:00.000Z,1659651420.0,652.0,87.1
2022-08-04T21:00:00.000Z,1659655020.0,652.0,87.1
2022-08-04T22:00:00.000Z,1659658621.0,652.0,87.1
2022-08-04T23:00:00.000Z,1659662221.5,652.0,87.1
2022-08-05T00:00:00.000Z,1659665821.0,652.0,87.1
2022-08-05T01:00:00.000Z,1659669421.0,652.0,87.1
2022-08-05T02:00:00.000Z,1659673020.5,652.0,87.1
2022-08-05T03:00:00.000Z,1659676620.5,652.0,87.1
2022-08-05T04:00:00.000Z,1659680220.0,652.0,87.1
2022-08-05T05:00:00.000Z,1659683821.0,652.0,87.1
2022-08-05T06:00:00.000Z,1659687420.5,652.0,87.1
2022-08-05T07:00:00.000Z,1659691020.0,652.0,87.1
2022-08-05T08:00:00.000Z,1659694620.5,652.0,87.1
2022-08-05T09:00:00.000Z,1659698221.0,652.0,87.1
2022-08-05T10:00:00.000Z,1659701820.5,652.0,87.1
2022-08-05T11:00:00.000Z,1659706320.0,652.0,87.1
2022-08-05T12:00:00.000Z,1659709021.0,652.0,87.1
2022-08-05T13:00:00.000Z,1659712622.0,652.0,87.1
2022-08-05T14:00:00.000Z,1659716221.5,652.0,87.1
2022-08-05T15:00:00.000Z,1659719822.0,652.0,87.1
2022-08-05T16:00:00.000Z,1659723421.5,652.0,87.1
2022-08-05T17:00:00.000Z,1659727021.0,652.0,87.1
2022-08-05T18:00:00.000Z,1659730621.5,652.0,87.1
2022-08-05T19:00:00.000Z,1659734221.0,652.0,87.1
2022-08-05T20:00:00.000Z,1659737821.0,652.0,87.1
2022-08-05T21:00:00.000Z,1659741420.5,652.0,87.1
2022-08-05T22:00:00.000Z,1659745021.0,652.0,87.1
2022-08-05T23:00:00.000Z,1659748621.5,652.0,87.1
2022-08-06T00:00:00.000Z,1659752221.0,652.0,87.1
2022-08-06T01:00:00.000Z,1659755820.5,652.0,87.1
2022-08-06T02:00:00.000Z,1659759420.5,652.0,87.1
2022-08-06T03:00:00.000Z,1659763021.0,652.0,87.1
2022-08-06T04:00:00.000Z,1659766620.0,652.0,87.1
2022-08-06T05:00:00.000Z,1659770220.0,652.0,87.1
2022-08-06T06:00:00.000Z,1659773820.5,652.0,87.1
2022-08-06T07:00:00.000Z,1659777420.5,652.0,87.1
2022-08-06T08:00:00.000Z,1659781020.5,652.0,87.1
2022-08-06T09:00:00.000Z,1659784620.5,652.0,87.1
2022-08-06T10:00:00.000Z,1659788220.0,652.0,87.1
2022-08-06T11:00:00.000Z,1659791820.0,652.0,87.1
2022-08-06T12:00:00.000Z,1659795421.0,652.0,87.1
2022-08-06T13:00:00.000Z,1659799021.0,652.0,87.1
2022-08-06T14:00:00.000Z,1659802621.0,652.0,87.1
2022-08-06T15:00:00.000Z,1659806220.0,652.0,87.1
2022-08-06T16:00:00.000Z,1659809820.0,652.0,87.1
2022-08-06T17:00:00.000Z,1659813420.5,652.0,87.1
2022-08-06T18:00:00.000Z,1659817021.0,652.0,87.1
2022-08-06T19:00:00.000Z,1659820620.0,652.0,87.1
2022-08-06T20:00:00.000Z,1659824220.5,652.0,87.1
2022-08-06T21:00:00.000Z,1659827820.5,652.0,87.1
2022-08-06T22:00:00.000Z,1659831421.0,652.0,87.1
2022-08-06T23:00:00.000Z,1659835021.0,652.0,87.1
2022-08-07T00:00:00.000Z,1659838621.0,652.0,87.1
2022-08-07T01:00:00.000Z,1659842221.0,652.0,87.1
2022-08-07T02:00:00.000Z,1659845821.0,652.0,87.1
2022-08-07T03:00:00.000Z,1659850320.0,652.0,87.1
2022-08-07T04:00:00.000Z,1659853020.0,652.0,87.1
2022-08-07T05:00:00.000Z,1659856620.5,652.0,87.1
2022-08-07T06:00:00.000Z,1659860220.5,652.0,87.1
2022-08-07T07:00:00.000Z,1659863821.0,652.0,87.1
2022-08-07T08:00:00.000Z,1659868320.0,652.0,87.09999999999998
2022-08-07T09:00:00.000Z,1659871920.0,652.0,87.1
2022-08-07T10:00:00.000Z,1659874620.5,652.0,87.1
2022-08-07T11:00:00.000Z,1659878220.5,652.0,87.1
2022-08-07T12:00:00.000Z,1659881820.5,652.0,87.1
2022-08-07T13:00:00.000Z,1659885421.0,652.0,87.1
2022-08-07T14:00:00.000Z,1659889020.5,652.0,87.1
2022-08-07T15:00:00.000Z,1659892621.5,652.0,87.1
2022-08-07T16:00:00.000Z,1659896220.5,652.0,87.1
2022-08-07T17:00:00.000Z,1659899821.5,652.0,87.1
2022-08-07T18:00:00.000Z,1659903421.0,652.0,87.1
2022-08-07T19:00:00.000Z,1659907020.5,652.0,87.1
2022-08-07T20:00:00.000Z,1659910621.0,652.0,87.1
2022-08-07T21:00:00.000Z,1659914220.5,652.0,87.1
2022-08-07T22:00:00.000Z,1659917822.5,652.0,87.1
2022-08-07T23:00:00.000Z,1659921420.5,652.0,87.1
2022-08-08T00:00:00.000Z,1659925021.0,652.0,87.1
2022-08-08T01:00:00.000Z,1659928620.0,652.0,87.1
2022-08-08T02:00:00.000Z,1659932221.0,652.0,87.1
2022-08-08T03:00:00.000Z,1659935820.5,652.0,87.1
2022-08-08T04:00:00.000Z,1659939421.0,652.0,87.1
2022-08-08T05:00:00.000Z,1659943920.3333333,652.0,87.09999999999998
2022-08-08T06:00:00.000Z,1659947520.0,652.0,87.1
2022-08-08T07:00:00.000Z,1659950220.5,652.0,87.1
2022-08-08T08:00:00.000Z,1659953820.5,652.0,87.1
2022-08-08T09:00:00.000Z,1659957421.0,652.0,87.1
2022-08-08T10:00:00.000Z,1659961020.0,652.0,87.1
2022-08-08T11:00:00.000Z,1659964621.0,652.0,87.1
2022-08-08T12:00:00.000Z,1659968221.5,652.0,87.1
2022-08-08T13:00:00.000Z,1659971822.0,652.0,87.1
2022-08-08T14:00:00.000Z,1659977222.0,652.0,87.1
2022-08-08T16:00:00.000Z,1659982621.5,652.0,87.1
2022-08-08T17:00:00.000Z,1659986221.5,652.0,87.1
2022-08-08T18:00:00.000Z,1659989822.0,652.0,87.1
2022-08-08T19:00:00.000Z,1659993421.5,652.0,87.1
2022-08-08T20:00:00.000Z,1659997021.5,652.0,87.1
2022-08-08T21:00:00.000Z,1660000621.0,652.0,87.1
2022-08-08T22:00:00.000Z,1660004221.5,652.0,87.1
2022-08-08T23:00:00.000Z,1660007821.0,652.0,87.1
2022-08-09T00:00:00.000Z,1660011421.0,652.0,87.1
2022-08-09T01:00:00.000Z,1660015020.5,652.0,87.1
2022-08-09T02:00:00.000Z,1660018621.0,652.0,87.1
2022-08-09T03:00:00.000Z,1660022220.5,652.0,87.1
2022-08-09T04:00:00.000Z,1660025820.0,652.0,87.1
2022-08-09T05:00:00.000Z,1660029420.5,652.0,87.1
2022-08-09T06:00:00.000Z,1660033020.5,652.0,87.1
2022-08-09T07:00:00.000Z,1660036620.0,652.0,87.1
2022-08-09T08:00:00.000Z,1660040220.5,652.0,87.1
2022-08-09T09:00:00.000Z,1660043820.5,652.0,87.1
2022-08-09T10:00:00.000Z,1660047420.5,652.0,87.1
2022-08-09T11:00:00.000Z,1660051020.5,652.0,87.1
2022-08-09T12:00:00.000Z,1660054621.0,652.0,87.1
2022-08-09T13:00:00.000Z,1660058221.5,652.0,87.1
2022-08-09T14:00:00.000Z,1660061821.5,652.0,87.1
2022-08-09T15:00:00.000Z,1660065421.5,652.0,87.1
2022-08-09T16:00:00.000Z,1660069022.0,652.0,87.1
2022-08-09T17:00:00.000Z,1660072622.0,652.0,87.1
2022-08-09T18:00:00.000Z,1660076221.5,652.0,87.1
2022-08-09T19:00:00.000Z,1660079821.5,652.0,87.1
2022-08-09T20:00:00.000Z,1660083421.0,652.0,87.1
2022-08-09T21:00:00.000Z,1660087023.0,652.0,87.1
2022-08-09T22:00:00.000Z,1660090621.0,652.0,87.1
2022-08-09T23:00:00.000Z,1660094221.0,652.0,87.1
2022-08-10T00:00:00.000Z,1660097820.5,652.0,87.1
2022-08-10T01:00:00.000Z,1660101420.0,652.0,87.1
2022-08-10T02:00:00.000Z,1660105020.0,652.0,87.1
2022-08-10T03:00:00.000Z,1660108619.5,652.0,87.1
2022-08-10T04:00:00.000Z,1660112219.5,652.0,87.1
2022-08-10T05:00:00.000Z,1660115819.5,652.0,87.1
2022-08-10T06:00:00.000Z,1660119420.0,652.0,87.1
2022-08-10T07:00:00.000Z,1660123020.0,652.0,87.1
2022-08-10T08:00:00.000Z,1660126620.0,652.0,87.1
2022-08-10T09:00:00.000Z,1660130220.0,652.0,87.1
2022-08-10T10:00:00.000Z,1660133821.0,652.0,87.1
2022-08-10T11:00:00.000Z,1660137420.5,652.0,87.1
2022-08-10T12:00:00.000Z,1660141020.5,652.0,87.1
2022-08-10T13:00:00.000Z,1660144621.5,652.0,87.1
2022-08-10T14:00:00.000Z,1660148220.5,652.0,87.1
2022-08-10T15:00:00.000Z,1660151821.0,652.0,87.1
2022-08-10T16:00:00.000Z,1660155420.5,652.0,87.1
2022-08-10T17:00:00.000Z,1660159020.5,652.0,87.1
2022-08-10T18:00:00.000Z,1660162620.5,652.0,87.1
2022-08-10T19:00:00.000Z,1660166220.5,652.0,87.1
2022-08-10T20:00:00.000Z,1660169820.0,652.0,87.1
2022-08-10T21:00:00.000Z,1660173420.5,652.0,87.1
2022-08-10T22:00:00.000Z,1660177020.0,652.0,87.1
2022-08-10T23:00:00.000Z,1660180620.0,652.0,87.1
2022-08-11T00:00:00.000Z,1660184220.5,652.0,87.1
2022-08-11T01:00:00.000Z,1660187820.0,652.0,87.1
2022-08-11T02:00:00.000Z,1660191420.0,652.0,87.1
2022-08-11T03:00:00.000Z,1660195020.0,652.0,87.1
2022-08-11T04:00:00.000Z,1660198620.5,652.0,87.1
2022-08-11T05:00:00.000Z,1660202220.5,652.0,87.1
2022-08-11T06:00:00.000Z,1660205820.0,652.0,87.1
2022-08-11T07:00:00.000Z,1660212120.2,652.0,87.1
2022-08-11T11:00:00.000Z,1660224721.0,652.0,87.1
2022-08-11T12:00:00.000Z,1660227420.0,652.0,87.1
2022-08-11T13:00:00.000Z,1660231020.5,652.0,87.1
2022-08-11T14:00:00.000Z,1660234620.0,652.0,87.1
2022-08-11T15:00:00.000Z,1660238220.0,652.0,87.1
2022-08-11T16:00:00.000Z,1660241820.5,652.0,87.1
2022-08-11T17:00:00.000Z,1660245420.5,652.0,87.1
2022-08-11T18:00:00.000Z,1660249021.0,652.0,87.1
2022-08-11T19:00:00.000Z,1660252620.5,652.0,87.1
2022-08-11T20:00:00.000Z,1660256220.5,652.0,87.1
2022-08-11T21:00:00.000Z,1660259820.0,652.0,87.1
2022-08-11T22:00:00.000Z,1660263420.0,652.0,87.1
2022-08-11T23:00:00.000Z,1660267020.5,652.0,87.1
2022-08-12T00:00:00.000Z,1660270620.0,652.0,87.1
2022-08-12T01:00:00.000Z,1660274220.0,652.0,87.1
2022-08-12T02:00:00.000Z,1660277820.0,652.0,87.1
2022-08-12T03:00:00.000Z,1660281420.0,652.0,87.1
2022-08-12T04:00:00.000Z,1660285019.0,652.0,87.1
2022-08-12T05:00:00.000Z,1660288620.0,652.0,87.1
2022-08-12T06:00:00.000Z,1660292220.0,652.0,87.1
2022-08-12T07:00:00.000Z,1660295820.0,652.0,87.1
2022-08-12T08:00:00.000Z,1660299420.0,652.0,87.1
2022-08-12T09:00:00.000Z,1660303020.0,652.0,87.1
2022-08-12T10:00:00.000Z,1660306620.0,652.0,87.1
2022-08-12T11:00:00.000Z,1660310220.0,652.0,87.1
2022-08-12T12:00:00.000Z,1660313820.0,652.0,87.1
2022-08-12T13:00:00.000Z,1660317420.5,652.0,87.1
2022-08-12T14:00:00.000Z,1660321020.5,652.0,87.1
2022-08-12T15:00:00.000Z,1660324620.0,652.0,87.1
2022-08-12T16:00:00.000Z,1660328220.0,652.0,87.1
2022-08-12T17:00:00.000Z,1660331820.5,652.0,87.1
2022-08-12T18:00:00.000Z,1660335420.0,652.0,87.1
2022-08-12T19:00:00.000Z,1660339020.0,652.0,87.1
2022-08-12T20:00:00.000Z,1660342620.5,652.0,87.1
2022-08-12T21:00:00.000Z,1660346221.0,652.0,87.1
2022-08-12T22:00:00.000Z,1660349820.5,652.0,87.1
2022-08-12T23:00:00.000Z,1660353421.0,652.0,87.1
2022-08-13T00:00:00.000Z,1660357020.5,652.0,87.1
2022-08-13T01:00:00.000Z,1660360621.0,652.0,87.1
2022-08-13T02:00:00.000Z,1660364220.0,652.0,87.1
2022-08-13T03:00:00.000Z,1660367819.5,652.0,87.1
2022-08-13T04:00:00.000Z,1660371420.0,652.0,87.1
2022-08-13T05:00:00.000Z,1660375020.0,652.0,87.1
2022-08-13T06:00:00.000Z,1660378619.5,652.0,87.1
2022-08-13T07:00:00.000Z,1660382220.0,652.0,87.1
2022-08-13T08:00:00.000Z,1660385820.0,652.0,87.1
2022-08-13T09:00:00.000Z,1660389420.0,652.0,87.1
2022-08-13T10:00:00.000Z,1660393019.5,652.0,87.1
2022-08-13T11:00:00.000Z,1660396620.0,652.0,87.1
2022-08-13T12:00:00.000Z,1660400220.5,652.0,87.1
2022-08-13T13:00:00.000Z,1660403820.5,652.0,87.1
2022-08-13T14:00:00.000Z,1660407420.5,652.0,87.1
2022-08-13T15:00:00.000Z,1660411020.0,652.0,87.1
2022-08-13T16:00:00.000Z,1660414620.5,652.0,87.1
2022-08-13T17:00:00.000Z,1660418220.0,652.0,87.1
2022-08-13T18:00:00.000Z,1660421820.0,652.0,87.1
2022-08-13T19:00:00.000Z,1660425420.0,652.0,87.1
2022-08-13T20:00:00.000Z,1660429020.0,652.0,87.1
2022-08-13T21:00:00.000Z,1660432620.0,652.0,87.1
2022-08-13T22:00:00.000Z,1660436220.0,652.0,87.1
2022-08-13T23:00:00.000Z,1660439820.0,652.0,87.1
2022-08-14T00:00:00.000Z,1660443420.0,652.0,87.1
2022-08-14T01:00:00.000Z,1660447020.0,652.0,87.1
2022-08-14T02:00:00.000Z,1660450620.0,652.0,87.1
2022-08-14T03:00:00.000Z,1660454220.5,652.0,87.1
2022-08-14T04:00:00.000Z,1660457820.0,652.0,87.1
2022-08-14T05:00:00.000Z,1660461419.5,652.0,87.1
2022-08-14T06:00:00.000Z,1660465020.0,652.0,87.1
2022-08-14T07:00:00.000Z,1660468619.5,652.0,87.1
2022-08-14T08:00:00.000Z,1660472220.0,652.0,87.1
2022-08-14T09:00:00.000Z,1660475820.0,652.0,87.1
2022-08-14T10:00:00.000Z,1660479420.5,652.0,87.1
2022-08-14T11:00:00.000Z,1660483020.5,652.0,87.1
2022-08-14T12:00:00.000Z,1660486620.0,652.0,87.1
2022-08-14T13:00:00.000Z,1660490220.5,652.0,87.1
2022-08-14T14:00:00.000Z,1660493820.0,652.0,87.1
2022-08-14T15:00:00.000Z,1660497421.0,652.0,87.1
2022-08-14T16:00:00.000Z,1660501020.0,652.0,87.1
2022-08-14T17:00:00.000Z,1660504620.0,652.0,87.1
2022-08-14T18:00:00.000Z,1660508220.0,652.0,87.1
2022-08-14T19:00:00.000Z,1660511820.0,652.0,87.1
2022-08-14T20:00:00.000Z,1660515420.5,652.0,87.1
2022-08-14T21:00:00.000Z,1660519020.5,652.0,87.1
2022-08-14T22:00:00.000Z,1660522620.5,652.0,87.1
2022-08-14T23:00:00.000Z,1660526220.5,652.0,87.1
2022-08-15T00:00:00.000Z,1660529820.0,652.0,87.1
2022-08-15T01:00:00.000Z,1660533420.5,652.0,87.1
2022-08-15T02:00:00.000Z,1660537020.0,652.0,87.1
2022-08-15T03:00:00.000Z,1660540620.0,652.0,87.1
2022-08-15T04:00:00.000Z,1660544220.0,652.0,87.1
2022-08-15T05:00:00.000Z,1660547820.0,652.0,87.1
2022-08-15T06:00:00.000Z,1660551420.0,652.0,87.1
2022-08-15T07:00:00.000Z,1660555020.5,652.0,87.1
2022-08-15T08:00:00.000Z,1660558620.0,652.0,87.1
2022-08-15T09:00:00.000Z,1660562220.0,652.0,87.1
2022-08-15T10:00:00.000Z,1660565820.5,652.0,87.1
2022-08-15T11:00:00.000Z,1660569425.5,652.0,87.1
2022-08-15T12:00:00.000Z,1660573021.5,652.0,87.1
2022-08-15T13:00:00.000Z,1660576621.0,652.0,87.1
2022-08-15T14:00:00.000Z,1660580220.5,652.0,87.1
2022-08-15T15:00:00.000Z,1660583820.5,652.0,87.1
2022-08-15T16:00:00.000Z,1660587420.0,652.0,87.1
2022-08-15T17:00:00.000Z,1660591020.0,652.0,87.1
2022-08-15T18:00:00.000Z,1660594620.0,652.0,87.1
2022-08-15T19:00:00.000Z,1660598221.0,652.0,87.1
2022-08-15T20:00:00.000Z,1660601820.5,652.0,87.1
2022-08-15T21:00:00.000Z,1660605420.5,652.0,87.1
2022-08-15T22:00:00.000Z,1660609020.5,652.0,87.1
2022-08-15T23:00:00.000Z,1660612620.0,652.0,87.1
2022-08-16T00:00:00.000Z,1660616220.0,652.0,87.1
2022-08-16T01:00:00.000Z,1660619820.0,652.0,87.1
2022-08-16T02:00:00.000Z,1660623420.0,652.0,87.1
2022-08-16T03:00:00.000Z,1660627020.5,652.0,87.1
2022-08-16T04:00:00.000Z,1660630620.5,652.0,87.1
2022-08-16T05:00:00.000Z,1660634220.0,652.0,87.1
2022-08-16T06:00:00.000Z,1660637820.5,652.0,87.1
2022-08-16T07:00:00.000Z,1660641420.0,652.0,87.1
2022-08-16T08:00:00.000Z,1660645020.0,652.0,87.1
2022-08-16T09:00:00.000Z,1660648620.5,652.0,87.1
2022-08-16T10:00:00.000Z,1660652220.0,652.0,87.1
2022-08-16T11:00:00.000Z,1660655820.0,652.0,87.1
2022-08-16T12:00:00.000Z,1660659420.5,652.0,87.1
2022-08-16T13:00:00.000Z,1660663020.0,652.0,87.1
2022-08-16T14:00:00.000Z,1660666620.5,652.0,87.1
2022-08-16T15:00:00.000Z,1660670220.5,652.0,87.1
2022-08-16T16:00:00.000Z,1660673820.5,652.0,87.1
2022-08-16T17:00:00.000Z,1660677420.5,652.0,87.1
2022-08-16T18:00:00.000Z,1660681020.0,652.0,87.1
2022-08-16T19:00:00.000Z,1660684620.5,652.0,87.1
2022-08-16T20:00:00.000Z,1660688220.5,652.0,87.1
2022-08-16T21:00:00.000Z,1660691820.0,652.0,87.1
2022-08-16T22:00:00.000Z,1660695421.0,652.0,87.1
2022-08-16T23:00:00.000Z,1660699021.0,652.0,87.1
2022-08-17T00:00:00.000Z,1660702621.0,652.0,87.1
2022-08-17T01:00:00.000Z,1660706220.5,652.0,87.1
2022-08-17T02:00:00.000Z,1660709819.5,652.0,87.1
2022-08-17T03:00:00.000Z,1660713420.0,652.0,87.1
2022-08-17T04:00:00.000Z,1660717019.5,652.0,87.1
2022-08-17T05:00:00.000Z,1660720620.0,652.0,87.1
2022-08-17T06:00:00.000Z,1660724220.0,652.0,87.1
2022-08-17T07:00:00.000Z,1660727819.5,652.0,87.1
2022-08-17T08:00:00.000Z,1660731421.5,652.0,87.1
2022-08-17T09:00:00.000Z,1660735020.5,652.0,87.1
2022-08-17T10:00:00.000Z,1660738619.5,652.0,87.1
2022-08-17T11:00:00.000Z,1660742220.0,652.0,87.1
2022-08-17T12:00:00.000Z,1660745821.0,652.0,87.1
2022-08-17T13:00:00.000Z,1660749421.0,652.0,87.1
2022-08-17T14:00:00.000Z,1660753020.5,652.0,87.1
2022-08-17T15:00:00.000Z,1660756620.5,652.0,87.1
2022-08-17T16:00:00.000Z,1660760221.0,652.0,87.1
2022-08-17T17:00:00.000Z,1660763820.5,652.0,87.1
2022-08-17T18:00:00.000Z,1660767420.5,652.0,87.1
2022-08-17T19:00:00.000Z,1660771020.5,652.0,87.1
2022-08-17T20:00:00.000Z,1660774620.5,652.0,87.1
2022-08-17T21:00:00.000Z,1660778220.5,652.0,87.1
2022-08-17T22:00:00.000Z,1660781820.5,652.0,87.1
2022-08-17T23:00:00.000Z,1660785420.5,652.0,87.1
2022-08-18T00:00:00.000Z,1660789020.5,652.0,87.1
2022-08-18T01:00:00.000Z,1660792620.5,652.0,87.1
2022-08-18T02:00:00.000Z,1660796219.5,652.0,87.1
2022-08-18T03:00:00.000Z,1660799819.5,652.0,87.1
2022-08-18T04:00:00.000Z,1660803420.0,652.0,87.1
2022-08-18T05:00:00.000Z,1660807019.5,652.0,87.1
2022-08-18T06:00:00.000Z,1660810619.5,652.0,87.1
2022-08-18T07:00:00.000Z,1660814219.5,652.0,87.1
2022-08-18T08:00:00.000Z,1660817820.0,652.0,87.1
2022-08-18T09:00:00.000Z,1660821419.5,652.0,87.1
2022-08-18T10:00:00.000Z,1660825020.0,652.0,87.1
2022-08-18T11:00:00.000Z,1660828620.5,652.0,87.1
2022-08-18T12:00:00.000Z,1660832220.5,652.0,87.1
2022-08-18T13:00:00.000Z,1660835820.5,652.0,87.1
2022-08-18T14:00:00.000Z,1660839420.0,652.0,87.1
2022-08-18T15:00:00.000Z,1660843020.5,652.0,87.1
2022-08-18T16:00:00.000Z,1660846620.0,652.0,87.1
2022-08-18T17:00:00.000Z,1660850220.5,652.0,87.1
2022-08-18T18:00:00.000Z,1660853821.0,652.0,87.1
2022-08-18T19:00:00.000Z,1660857420.5,652.0,87.1
2022-08-18T20:00:00.000Z,1660861020.0,652.0,87.1
2022-08-18T21:00:00.000Z,1660864620.5,652.0,87.1
2022-08-18T22:00:00.000Z,1660868220.5,652.0,87.1
2022-08-18T23:00:00.000Z,1660871820.0,652.0,87.1
2022-08-19T00:00:00.000Z,1660875420.0,652.0,87.1
2022-08-19T01:00:00.000Z,1660879020.0,652.0,87.1
2022-08-19T02:00:00.000Z,1660882620.0,652.0,87.1
2022-08-19T03:00:00.000Z,1660886220.0,652.0,87.1
2022-08-19T04:00:00.000Z,1660889819.5,652.0,87.1
2022-08-19T05:00:00.000Z,1660893420.0,652.0,87.1
2022-08-19T06:00:00.000Z,1660897021.0,652.0,87.1
2022-08-19T07:00:00.000Z,1660900619.5,652.0,87.1
2022-08-19T08:00:00.000Z,1660904220.5,652.0,87.1
2022-08-19T09:00:00.000Z,1660907820.0,652.0,87.1
2022-08-19T10:00:00.000Z,1660911420.5,652.0,87.1
2022-08-19T11:00:00.000Z,1660915020.0,652.0,87.1
2022-08-19T12:00:00.000Z,1660918620.0,652.0,87.1
2022-08-19T13:00:00.000Z,1660922220.0,652.0,87.1
2022-08-19T14:00:00.000Z,1660925820.0,652.0,87.1
2022-08-19T15:00:00.000Z,1660929420.0,652.0,87.1
2022-08-19T16:00:00.000Z,1660933020.0,652.0,87.1
2022-08-19T17:00:00.000Z,1660936620.0,652.0,87.1
2022-08-19T18:00:00.000Z,1660940220.0,652.0,87.1
2022-08-19T19:00:00.000Z,1660943820.0,652.0,87.1
2022-08-19T20:00:00.000Z,1660947419.5,652.0,87.1
2022-08-19T21:00:00.000Z,1660951020.5,652.0,87.1
2022-08-19T22:00:00.000Z,1660954620.5,652.0,87.1
2022-08-19T23:00:00.000Z,1660958220.5,652.0,87.1
2022-08-20T00:00:00.000Z,1660961820.0,652.0,87.1
2022-08-20T01:00:00.000Z,1660965420.0,652.0,87.1
2022-08-20T02:00:00.000Z,1660969020.0,652.0,87.1
2022-08-20T03:00:00.000Z,1660972620.5,652.0,87.1
2022-08-20T04:00:00.000Z,1660976220.0,652.0,87.1
2022-08-20T05:00:00.000Z,1660979820.5,652.0,87.1
2022-08-20T06:00:00.000Z,1660983420.0,652.0,87.1
2022-08-20T07:00:00.000Z,1660987019.5,652.0,87.1
2022-08-20T08:00:00.000Z,1660990619.5,652.0,87.1
2022-08-20T09:00:00.000Z,1660994220.0,652.0,87.1
2022-08-20T10:00:00.000Z,1660997819.5,652.0,87.1
2022-08-20T11:00:00.000Z,1661001420.5,652.0,87.1
2022-08-20T12:00:00.000Z,1661005020.0,652.0,87.1
2022-08-20T13:00:00.000Z,1661008620.0,652.0,87.1
2022-08-20T14:00:00.000Z,1661012220.5,652.0,87.1
2022-08-20T15:00:00.000Z,1661015820.5,652.0,87.1
2022-08-20T16:00:00.000Z,1661019420.0,652.0,87.1
2022-08-20T17:00:00.000Z,1661023020.5,652.0,87.1
2022-08-20T18:00:00.000Z,1661026620.5,652.0,87.1
2022-08-20T19:00:00.000Z,1661030220.0,652.0,87.1
2022-08-20T20:00:00.000Z,1661033821.0,652.0,87.1
2022-08-20T21:00:00.000Z,1661037420.5,652.0,87.1
2022-08-20T22:00:00.000Z,1661041020.5,652.0,87.1
2022-08-20T23:00:00.000Z,1661044620.5,652.0,87.1
2022-08-21T00:00:00.000Z,1661048220.0,652.0,87.1
2022-08-21T01:00:00.000Z,1661051820.0,652.0,87.1
2022-08-21T02:00:00.000Z,1661055420.5,652.0,87.1
2022-08-21T03:00:00.000Z,1661059020.5,652.0,87.1
2022-08-21T04:00:00.000Z,1661062620.0,652.0,87.1
2022-08-21T05:00:00.000Z,1661066219.5,652.0,87.1
2022-08-21T06:00:00.000Z,1661069820.0,652.0,87.1
2022-08-21T07:00:00.000Z,1661073420.0,652.0,87.1
2022-08-21T08:00:00.000Z,1661077019.5,652.0,87.1
2022-08-21T09:00:00.000Z,1661080620.0,652.0,87.1
2022-08-21T10:00:00.000Z,1661084219.5,652.0,87.1
2022-08-21T11:00:00.000Z,1661087819.5,652.0,87.1
2022-08-21T12:00:00.000Z,1661091420.0,652.0,87.1
2022-08-21T13:00:00.000Z,1661095020.5,652.0,87.1
2022-08-21T14:00:00.000Z,1661098620.5,652.0,87.1
2022-08-21T15:00:00.000Z,1661102220.0,652.0,87.1
2022-08-21T16:00:00.000Z,1661105821.0,652.0,87.1
2022-08-21T17:00:00.000Z,1661109420.0,652.0,87.1
2022-08-21T18:00:00.000Z,1661113021.0,652.0,87.1
2022-08-21T19:00:00.000Z,1661116620.5,652.0,87.1
2022-08-21T20:00:00.000Z,1661120220.5,652.0,87.1
2022-08-21T21:00:00.000Z,1661123820.5,652.0,87.1
2022-08-21T22:00:00.000Z,1661127421.0,652.0,87.1
2022-08-21T23:00:00.000Z,1661131020.5,652.0,87.1
2022-08-22T00:00:00.000Z,1661134620.5,652.0,87.1
2022-08-22T01:00:00.000Z,1661138220.0,652.0,87.1
2022-08-22T02:00:00.000Z,1661141820.0,652.0,87.1
2022-08-22T03:00:00.000Z,1661145420.0,652.0,87.1
2022-08-22T04:00:00.000Z,1661149019.5,652.0,87.1
2022-08-22T05:00:00.000Z,1661152620.0,652.0,87.1
2022-08-22T06:00:00.000Z,1661156219.5,652.0,87.1
2022-08-22T07:00:00.000Z,1661159820.0,652.0,87.1
2022-08-22T08:00:00.000Z,1661163420.0,652.0,87.1
2022-08-22T09:00:00.000Z,1661167020.5,652.0,87.1
2022-08-22T10:00:00.000Z,1661170620.0,652.0,87.1
2022-08-22T11:00:00.000Z,1661174221.0,652.0,87.1
2022-08-22T12:00:00.000Z,1661177820.5,652.0,87.1
2022-08-22T13:00:00.000Z,1661181420.0,652.0,87.1
2022-08-22T14:00:00.000Z,1661185020.5,652.0,87.1
2022-08-22T15:00:00.000Z,1661188620.5,652.0,87.1
2022-08-22T16:00:00.000Z,1661192221.0,652.0,87.1
2022-08-22T17:00:00.000Z,1661195821.0,652.0,87.1
2022-08-22T18:00:00.000Z,1661199421.0,652.0,87.1
2022-08-22T19:00:00.000Z,1661203021.0,652.0,87.1
2022-08-22T20:00:00.000Z,1661206621.0,652.0,87.1
2022-08-22T21:00:00.000Z,1661210220.5,652.0,87.1
2022-08-22T22:00:00.000Z,1661213820.5,652.0,87.1
2022-08-22T23:00:00.000Z,1661217421.0,652.0,87.1
2022-08-23T00:00:00.000Z,1661221020.5,652.0,87.1
2022-08-23T01:00:00.000Z,1661224620.0,652.0,87.1
2022-08-23T02:00:00.000Z,1661228220.0,652.0,87.1
2022-08-23T03:00:00.000Z,1661231820.5,652.0,87.1
2022-08-23T04:00:00.000Z,1661235420.0,652.0,87.1
2022-08-23T05:00:00.000Z,1661239019.5,652.0,87.1
2022-08-23T06:00:00.000Z,1661242620.0,652.0,87.1
2022-08-23T07:00:00.000Z,1661246221.0,652.0,87.1
2022-08-23T08:00:00.000Z,1661249819.5,652.0,87.1
2022-08-23T09:00:00.000Z,1661253419.5,652.0,87.1
2022-08-23T10:00:00.000Z,1661257020.0,652.0,87.1
2022-08-23T11:00:00.000Z,1661260620.5,652.0,87.1
2022-08-23T12:00:00.000Z,1661264220.5,652.0,87.1
2022-08-23T13:00:00.000Z,1661267820.0,652.0,87.1
2022-08-23T14:00:00.000Z,1661271421.0,652.0,87.1
2022-08-23T15:00:00.000Z,1661275020.0,652.0,87.1
2022-08-23T16:00:00.000Z,1661278684.0,652.0,87.1
2022-08-23T17:00:00.000Z,1661282284.5,652.0,87.1
2022-08-23T18:00:00.000Z,1661285820.0,652.0,87.1
2022-08-23T19:00:00.000Z,1661289421.0,652.0,87.1
2022-08-23T20:00:00.000Z,1661293020.5,652.0,87.1
2022-08-23T21:00:00.000Z,1661296620.5,652.0,87.1
2022-08-23T22:00:00.000Z,1661300220.5,652.0,87.1
2022-08-23T23:00:00.000Z,1661303820.5,652.0,87.1
2022-08-24T00:00:00.000Z,1661307420.0,652.0,87.1
2022-08-24T01:00:00.000Z,1661311021.0,652.0,87.1
2022-08-24T02:00:00.000Z,1661314620.0,652.0,87.1
2022-08-24T03:00:00.000Z,1661318220.0,652.0,87.1
2022-08-24T04:00:00.000Z,1661321819.5,652.0,87.1
2022-08-24T05:00:00.000Z,1661325420.0,652.0,87.1
2022-08-24T06:00:00.000Z,1661329020.0,652.0,87.1
2022-08-24T07:00:00.000Z,1661332619.5,652.0,87.1
2022-08-24T08:00:00.000Z,1661336220.0,652.0,87.1
2022-08-24T09:00:00.000Z,1661339820.0,652.0,87.1
2022-08-24T10:00:00.000Z,1661343420.0,652.0,87.1
2022-08-24T11:00:00.000Z,1661347020.5,652.0,87.1
2022-08-24T12:00:00.000Z,1661350620.5,652.0,87.1
2022-08-24T13:00:00.000Z,1661354221.0,652.0,87.1
2022-08-24T14:00:00.000Z,1661357821.5,652.0,87.1
2022-08-24T15:00:00.000Z,1661361421.5,652.0,87.1
2022-08-24T16:00:00.000Z,1661365021.0,652.0,87.1
2022-08-24T17:00:00.000Z,1661368621.0,652.0,87.1
2022-08-24T18:00:00.000Z,1661372221.0,652.0,87.1
2022-08-24T19:00:00.000Z,1661375820.0,652.0,87.1
2022-08-24T20:00:00.000Z,1661379421.0,652.0,87.1
2022-08-24T21:00:00.000Z,1661383020.0,652.0,87.1
2022-08-24T22:00:00.000Z,1661386620.5,652.0,87.1
2022-08-24T23:00:00.000Z,1661390220.0,652.0,87.1
2022-08-25T00:00:00.000Z,1661393820.5,652.0,87.1
2022-08-25T01:00:00.000Z,1661397420.5,652.0,87.1
2022-08-25T02:00:00.000Z,1661401020.0,652.0,87.1
2022-08-25T03:00:00.000Z,1661404620.0,652.0,87.1
2022-08-25T04:00:00.000Z,1661408220.5,652.0,87.1
2022-08-25T05:00:00.000Z,1661411820.0,652.0,87.1
2022-08-25T06:00:00.000Z,1661415419.5,652.0,87.1
2022-08-25T07:00:00.000Z,1661419020.5,652.0,87.1
2022-08-25T08:00:00.000Z,1661422619.5,652.0,87.1
2022-08-25T09:00:00.000Z,1661426220.0,652.0,87.1
2022-08-25T10:00:00.000Z,1661429820.0,652.0,87.1
2022-08-25T11:00:00.000Z,1661433420.5,652.0,87.1
2022-08-25T12:00:00.000Z,1661437020.5,652.0,87.1
2022-08-25T13:00:00.000Z,1661440620.5,652.0,87.1
2022-08-25T14:00:00.000Z,1661444220.0,652.0,87.1
2022-08-25T15:00:00.000Z,1661447820.5,652.0,87.1
2022-08-25T16:00:00.000Z,1661451420.0,652.0,87.1
2022-08-25T17:00:00.000Z,1661455020.5,652.0,87.1
2022-08-25T18:00:00.000Z,1661458620.5,652.0,87.1
2022-08-25T19:00:00.000Z,1661462220.5,652.0,87.1
2022-08-25T20:00:00.000Z,1661465821.0,652.0,87.1
2022-08-25T21:00:00.000Z,1661469420.5,652.0,87.1
2022-08-25T22:00:00.000Z,1661473021.0,652.0,87.1
2022-08-25T23:00:00.000Z,1661476620.0,652.0,87.1
2022-08-26T00:00:00.000Z,1661480221.0,652.0,87.1
2022-08-26T01:00:00.000Z,1661483820.0,652.0,87.1
2022-08-26T02:00:00.000Z,1661487419.5,652.0,87.1
2022-08-26T03:00:00.000Z,1661491020.0,652.0,87.1
2022-08-26T04:00:00.000Z,1661494619.5,652.0,87.1
2022-08-26T05:00:00.000Z,1661498220.0,652.0,87.1
2022-08-26T06:00:00.000Z,1661501819.5,652.0,87.1
2022-08-26T07:00:00.000Z,1661505420.0,652.0,87.1
2022-08-26T08:00:00.000Z,1661509020.5,652.0,87.1
2022-08-26T09:00:00.000Z,1661512621.0,652.0,87.1
2022-08-26T10:00:00.000Z,1661516222.0,652.0,87.1
2022-08-26T11:00:00.000Z,1661519820.0,652.0,87.1
2022-08-26T12:00:00.000Z,1661523420.0,652.0,87.1
2022-08-26T13:00:00.000Z,1661527022.5,652.0,87.1
2022-08-26T14:00:00.000Z,1661530621.0,652.0,87.1
2022-08-26T15:00:00.000Z,1661534221.5,652.0,87.1
2022-08-26T16:00:00.000Z,1661537820.5,652.0,87.1
2022-08-26T17:00:00.000Z,1661541420.5,652.0,87.1
2022-08-26T18:00:00.000Z,1661545020.5,652.0,87.1
2022-08-26T19:00:00.000Z,1661548621.0,652.0,87.1
2022-08-26T20:00:00.000Z,1661552220.5,652.0,87.1
2022-08-26T21:00:00.000Z,1661555820.0,652.0,87.1
2022-08-26T22:00:00.000Z,1661559420.5,652.0,87.1
2022-08-26T23:00:00.000Z,1661563020.0,652.0,87.1
2022-08-27T00:00:00.000Z,1661566620.5,652.0,87.1
2022-08-27T01:00:00.000Z,1661570220.0,652.0,87.1
2022-08-27T02:00:00.000Z,1661573820.0,652.0,87.1
2022-08-27T03:00:00.000Z,1661577420.0,652.0,87.1
2022-08-27T04:00:00.000Z,1661581020.5,652.0,87.1
2022-08-27T05:00:00.000Z,1661584620.0,652.0,87.1
2022-08-27T06:00:00.000Z,1661588220.0,652.0,87.1
2022-08-27T07:00:00.000Z,1661591820.0,652.0,87.1
2022-08-27T08:00:00.000Z,1661595420.0,652.0,87.1
2022-08-27T09:00:00.000Z,1661599020.0,652.0,87.1
2022-08-27T10:00:00.000Z,1661602620.5,652.0,87.1
2022-08-27T11:00:00.000Z,1661606220.0,652.0,87.1
2022-08-27T12:00:00.000Z,1661609820.0,652.0,87.1
2022-08-27T13:00:00.000Z,1661613420.5,652.0,87.1
2022-08-27T14:00:00.000Z,1661617020.5,652.0,87.1
2022-08-27T15:00:00.000Z,1661620619.5,652.0,87.1
2022-08-27T16:00:00.000Z,1661624220.5,652.0,87.1
2022-08-27T17:00:00.000Z,1661627820.0,652.0,87.1
2022-08-27T18:00:00.000Z,1661631420.5,652.0,87.1
2022-08-27T19:00:00.000Z,1661635020.5,652.0,87.1
2022-08-27T20:00:00.000Z,1661638619.5,652.0,87.1
2022-08-27T21:00:00.000Z,1661642220.0,652.0,87.1
2022-08-27T22:00:00.000Z,1661645820.5,652.0,87.1
2022-08-27T23:00:00.000Z,1661649420.5,652.0,87.1
2022-08-28T00:00:00.000Z,1661653020.0,652.0,87.1
2022-08-28T01:00:00.000Z,1661656620.5,652.0,87.1
2022-08-28T02:00:00.000Z,1661660220.5,652.0,87.1
2022-08-28T03:00:00.000Z,1661663820.5,652.0,87.1
2022-08-28T04:00:00.000Z,1661667420.0,652.0,87.1
2022-08-28T05:00:00.000Z,1661671020.0,652.0,87.1
2022-08-28T06:00:00.000Z,1661674619.5,652.0,87.1
2022-08-28T07:00:00.000Z,1661678220.0,652.0,87.1
2022-08-28T08:00:00.000Z,1661681820.5,652.0,87.1
2022-08-28T09:00:00.000Z,1661685420.0,652.0,87.1
2022-08-28T10:00:00.000Z,1661689020.0,652.0,87.1
2022-08-28T11:00:00.000Z,1661692620.5,652.0,87.1
2022-08-28T12:00:00.000Z,1661696220.5,652.0,87.1
2022-08-28T13:00:00.000Z,1661699820.0,652.0,87.1
2022-08-28T14:00:00.000Z,1661703420.5,652.0,87.1
2022-08-28T15:00:00.000Z,1661707020.5,652.0,87.1
2022-08-28T16:00:00.000Z,1661710620.5,652.0,87.1
2022-08-28T17:00:00.000Z,1661714221.0,652.0,87.1
2022-08-28T18:00:00.000Z,1661717820.5,652.0,87.1
2022-08-28T19:00:00.000Z,1661721421.0,652.0,87.1
2022-08-28T20:00:00.000Z,1661725020.0,652.0,87.1
2022-08-28T21:00:00.000Z,1661728620.0,652.0,87.1
2022-08-28T22:00:00.000Z,1661732221.0,652.0,87.1
2022-08-28T23:00:00.000Z,1661735821.0,652.0,87.1
2022-08-29T00:00:00.000Z,1661739420.5,652.0,87.1
2022-08-29T01:00:00.000Z,1661743020.0,652.0,87.1
2022-08-29T02:00:00.000Z,1661746620.0,652.0,87.1
2022-08-29T03:00:00.000Z,1661750220.0,652.0,87.1
2022-08-29T04:00:00.000Z,1661753820.5,652.0,87.1
2022-08-29T05:00:00.000Z,1661757419.5,652.0,87.1
2022-08-29T06:00:00.000Z,1661761020.0,652.0,87.1
2022-08-29T07:00:00.000Z,1661764619.5,652.0,87.1
2022-08-29T08:00:00.000Z,1661770020.0,652.0,87.1
2022-08-29T10:00:00.000Z,1661775420.5,652.0,87.1
2022-08-29T11:00:00.000Z,1661781720.4,652.0,87.1
2022-08-29T14:00:00.000Z,1661789821.5,652.0,87.1
2022-08-29T15:00:00.000Z,1661793420.5,652.0,87.1
2022-08-29T16:00:00.000Z,1661797021.5,652.0,87.1
2022-08-29T17:00:00.000Z,1661800620.5,652.0,87.1
2022-08-29T18:00:00.000Z,1661804220.5,652.0,87.1
2022-08-29T19:00:00.000Z,1661807820.0,652.0,87.1
2022-08-29T20:00:00.000Z,1661811421.5,652.0,87.1
2022-08-29T21:00:00.000Z,1661815020.5,652.0,87.1
2022-08-29T22:00:00.000Z,1661818621.0,652.0,87.1
2022-08-29T23:00:00.000Z,1661822220.5,652.0,87.1
2022-08-30T00:00:00.000Z,1661825820.5,652.0,87.1
2022-08-30T01:00:00.000Z,1661829420.0,652.0,87.1
2022-08-30T02:00:00.000Z,1661833020.0,652.0,87.1
2022-08-30T03:00:00.000Z,1661836620.0,652.0,87.1
2022-08-30T04:00:00.000Z,1661840220.5,652.0,87.1
2022-08-30T05:00:00.000Z,1661843819.5,652.0,87.1
2022-08-30T06:00:00.000Z,1661847419.5,652.0,87.1
2022-08-30T07:00:00.000Z,1661851019.5,652.0,87.1
2022-08-30T08:00:00.000Z,1661854620.0,652.0,87.1
2022-08-30T09:00:00.000Z,1661858220.0,652.0,87.1
2022-08-30T10:00:00.000Z,1661861820.0,652.0,87.1
2022-08-30T11:00:00.000Z,1661867220.75,652.0,87.1
2022-08-30T12:00:00.000Z,1661871721.0,652.0,87.1
2022-08-30T13:00:00.000Z,1661873521.0,652.0,87.1
2022-08-30T14:00:00.000Z,1661877120.3333333,652.0,87.09999999999998
2022-08-30T15:00:00.000Z,1661880721.0,652.0,87.1
2022-08-30T16:00:00.000Z,1661883421.0,652.0,87.1
2022-08-30T17:00:00.000Z,1661887021.0,652.0,87.1
2022-08-30T18:00:00.000Z,1661890620.0,652.0,87.1
2022-08-30T19:00:00.000Z,1661894220.5,652.0,87.1
2022-08-30T20:00:00.000Z,1661897820.5,652.0,87.1
2022-08-30T21:00:00.000Z,1661901420.0,652.0,87.1
2022-08-30T22:00:00.000Z,1661905020.5,652.0,87.1
2022-08-30T23:00:00.000Z,1661908620.5,652.0,87.1
2022-08-31T00:00:00.000Z,1661912220.0,652.0,87.1
2022-08-31T01:00:00.000Z,1661916720.0,652.0,87.09999999999998
2022-08-31T02:00:00.000Z,1661920320.0,652.0,87.1
2022-08-31T03:00:00.000Z,1661923020.0,652.0,87.1
2022-08-31T04:00:00.000Z,1661926620.0,652.0,87.1
2022-08-31T05:00:00.000Z,1661930220.0,652.0,87.1
2022-08-31T06:00:00.000Z,1661934720.3333333,652.0,87.09999999999998
2022-08-31T07:00:00.000Z,1661938320.0,652.0,87.1
2022-08-31T08:00:00.000Z,1661941020.0,652.0,87.1
2022-08-31T09:00:00.000Z,1661944619.5,652.0,87.1
2022-08-31T10:00:00.000Z,1661948220.0,652.0,87.1
2022-08-31T11:00:00.000Z,1661951819.5,652.0,87.1
2022-08-31T12:00:00.000Z,1661956320.3333333,652.0,87.09999999999998
2022-08-31T13:00:00.000Z,1661959921.0,652.0,87.1
2022-08-31T14:00:00.000Z,1661962620.5,652.0,87.1
2022-08-31T15:00:00.000Z,1661966220.0,652.0,87.1
2022-08-31T16:00:00.000Z,1661969821.0,652.0,87.1
2022-08-31T17:00:00.000Z,1661974321.0,652.0,87.09999999999998
2022-08-31T18:00:00.000Z,1661978821.0,652.0,87.1
2022-08-31T19:00:00.000Z,1661981521.0,652.0,87.1
2022-08-31T20:00:00.000Z,1661985120.0,652.0,87.09999999999998
2022-08-31T21:00:00.000Z,1661989620.0,652.0,87.1
2022-08-31T22:00:00.000Z,1661992320.0,652.0,87.1
2022-08-31T23:00:00.000Z,1661995020.0,652.0,87.1
2022-09-01T00:00:00.000Z,1661998620.5,652.0,87.1
2022-09-01T01:00:00.000Z,1662002220.5,652.0,87.1
2022-09-01T02:00:00.000Z,1662005820.0,652.0,87.1
2022-09-01T03:00:00.000Z,1662010320.0,652.0,87.09999999999998
2022-09-01T04:00:00.000Z,1662014820.0,652.0,87.1
2022-09-01T05:00:00.000Z,1662017519.0,652.0,87.1
2022-09-01T06:00:00.000Z,1662020220.5,652.0,87.1
2022-09-01T07:00:00.000Z,1662023819.0,652.0,87.1
2022-09-01T08:00:00.000Z,1662027420.0,652.0,87.1
2022-09-01T09:00:00.000Z,1662031920.0,652.0,87.09999999999998
2022-09-01T10:00:00.000Z,1662035520.0,652.0,87.1
2022-09-01T11:00:00.000Z,1662038220.0,652.0,87.1
2022-09-01T12:00:00.000Z,1662042720.6666667,652.0,87.09999999999998
2022-09-01T13:00:00.000Z,1662046320.0,652.0,87.1
2022-09-01T14:00:00.000Z,1662049021.0,652.0,87.1
2022-09-01T15:00:00.000Z,1662053520.0,652.0,87.09999999999998
2022-09-01T16:00:00.000Z,1662057120.0,652.0,87.1
2022-09-01T17:00:00.000Z,1662059821.0,652.0,87.1
2022-09-01T18:00:00.000Z,1662064320.0,652.0,87.09999999999998
2022-09-01T19:00:00.000Z,1662068820.0,652.0,87.1
2022-09-01T20:00:00.000Z,1662071520.0,652.0,87.1
2022-09-01T21:00:00.000Z,1662074220.0,652.0,87.1
2022-09-01T22:00:00.000Z,1662077819.5,652.0,87.1
2022-09-01T23:00:00.000Z,1662081421.0,652.0,87.1
2022-09-02T00:00:00.000Z,1662085021.5,652.0,87.1
2022-09-02T01:00:00.000Z,1662088620.0,652.0,87.1
2022-09-02T02:00:00.000Z,1662092220.0,652.0,87.1
2022-09-02T03:00:00.000Z,1662096719.6666667,652.0,87.09999999999998
2022-09-02T04:00:00.000Z,1662100320.0,652.0,87.1
2022-09-02T05:00:00.000Z,1662103020.0,652.0,87.1
2022-09-02T06:00:00.000Z,1662106620.0,652.0,87.1
2022-09-02T07:00:00.000Z,1662110220.5,652.0,87.1
2022-09-02T08:00:00.000Z,1662113820.0,652.0,87.1
2022-09-02T09:00:00.000Z,1662118320.0,652.0,87.09999999999998
2022-09-02T10:00:00.000Z,1662122820.5,652.0,87.1
2022-09-02T11:00:00.000Z,1662126420.5,652.0,87.1
2022-09-02T12:00:00.000Z,1662129121.0,652.0,87.1
2022-09-02T13:00:00.000Z,1662131820.5,652.0,87.1
2022-09-02T14:00:00.000Z,1662136320.0,652.0,87.09999999999998
2022-09-02T15:00:00.000Z,1662139921.0,652.0,87.1
2022-09-02T16:00:00.000Z,1662143520.3333333,652.0,87.09999999999998
2022-09-02T17:00:00.000Z,1662147120.0,652.0,87.1
2022-09-02T18:00:00.000Z,1662150720.3333333,652.0,87.09999999999998
2022-09-02T19:00:00.000Z,1662154320.0,652.0,87.1
2022-09-02T20:00:00.000Z,1662157920.3333333,652.0,87.09999999999998
2022-09-02T21:00:00.000Z,1662162420.5,652.0,87.1
2022-09-02T22:00:00.000Z,1662165120.0,652.0,87.1
2022-09-02T23:00:00.000Z,1662167820.0,652.0,87.1
2022-09-03T00:00:00.000Z,1662172320.0,652.0,87.09999999999998
2022-09-03T01:00:00.000Z,1662176820.5,652.0,87.1
2022-09-03T02:00:00.000Z,1662180419.5,652.0,87.1
2022-09-03T03:00:00.000Z,1662183121.0,652.0,87.1
2022-09-03T04:00:00.000Z,1662186720.0,652.0,87.09999999999998
2022-09-03T05:00:00.000Z,1662191220.0,652.0,87.1
2022-09-03T06:00:00.000Z,1662194820.5,652.0,87.1
2022-09-03T07:00:00.000Z,1662197520.0,652.0,87.1
2022-09-03T08:00:00.000Z,1662201120.3333333,652.0,87.09999999999998
2022-09-03T09:00:00.000Z,1662205619.5,652.0,87.1
2022-09-03T10:00:00.000Z,1662209220.5,652.0,87.1
2022-09-03T11:00:00.000Z,1662211920.0,652.0,87.1
2022-09-03T12:00:00.000Z,1662215520.0,652.0,87.09999999999998
2022-09-03T13:00:00.000Z,1662219120.0,652.0,87.1
2022-09-03T14:00:00.000Z,1662222720.6666667,652.0,87.09999999999998
2022-09-03T15:00:00.000Z,1662226320.0,652.0,87.1
2022-09-03T16:00:00.000Z,1662229920.3333333,652.0,87.09999999999998
2022-09-03T17:00:00.000Z,1662234420.0,652.0,87.1
2022-09-03T18:00:00.000Z,1662237120.0,652.0,87.1
2022-09-03T19:00:00.000Z,1662239820.0,652.0,87.1
2022-09-03T20:00:00.000Z,1662244320.0,652.0,87.09999999999998
2022-09-03T21:00:00.000Z,1662248821.0,652.0,87.1
2022-09-03T22:00:00.000Z,1662252420.5,652.0,87.1
2022-09-03T23:00:00.000Z,1662255121.0,652.0,87.1
2022-09-04T00:00:00.000Z,1662258720.6666667,652.0,87.09999999999998
2022-09-04T01:00:00.000Z,1662262321.0,652.0,87.1
2022-09-04T02:00:00.000Z,1662265920.0,652.0,87.1
2022-09-04T03:00:00.000Z,1662268619.5,652.0,87.1
2022-09-04T04:00:00.000Z,1662272220.0,652.0,87.1
2022-09-04T05:00:00.000Z,1662276720.0,652.0,87.1
2022-09-04T06:00:00.000Z,1662279420.5,652.0,87.1
2022-09-04T07:00:00.000Z,1662283920.0,652.0,87.09999999999998
2022-09-04T08:00:00.000Z,1662287520.0,652.0,87.1
2022-09-04T09:00:00.000Z,1662291120.0,652.0,87.09999999999998
2022-09-04T10:00:00.000Z,1662295620.5,652.0,87.1
2022-09-04T11:00:00.000Z,1662298320.0,652.0,87.1
2022-09-04T12:00:00.000Z,1662301020.0,652.0,87.1
2022-09-04T13:00:00.000Z,1662305520.3333333,652.0,87.09999999999998
2022-09-04T14:00:00.000Z,1662309121.0,652.0,87.1
2022-09-04T15:00:00.000Z,1662312720.0,652.0,87.1
2022-09-04T16:00:00.000Z,1662315420.0,652.0,87.1
2022-09-04T17:00:00.000Z,1662319020.0,652.0,87.1
2022-09-04T18:00:00.000Z,1662322620.5,652.0,87.1
2022-09-04T19:00:00.000Z,1662326220.5,652.0,87.1
2022-09-04T20:00:00.000Z,1662329820.0,652.0,87.1
2022-09-04T21:00:00.000Z,1662333420.5,652.0,87.1
2022-09-04T22:00:00.000Z,1662337920.0,652.0,87.09999999999998
2022-09-04T23:00:00.000Z,1662342419.5,652.0,87.1
2022-09-05T00:00:00.000Z,1662345121.0,652.0,87.1
2022-09-05T01:00:00.000Z,1662348720.3333333,652.0,87.09999999999998
2022-09-05T02:00:00.000Z,1662353220.0,652.0,87.1
2022-09-05T03:00:00.000Z,1662356820.0,652.0,87.1
2022-09-05T04:00:00.000Z,1662360420.0,652.0,87.1
2022-09-05T05:00:00.000Z,1662364020.0,652.0,87.1
2022-09-05T06:00:00.000Z,1662367620.0,652.0,87.1
2022-09-05T07:00:00.000Z,1662371220.0,652.0,87.1
2022-09-05T08:00:00.000Z,1662374820.5,652.0,87.1
2022-09-05T09:00:00.000Z,1662378420.5,652.0,87.1
2022-09-05T10:00:00.000Z,1662383820.25,652.0,87.1
2022-09-05T12:00:00.000Z,1662388322.0,652.0,87.1
2022-09-05T13:00:00.000Z,1662391920.6666667,652.0,87.09999999999998
2022-09-05T14:00:00.000Z,1662396420.5,652.0,87.1
2022-09-05T15:00:00.000Z,1662400020.0,652.0,87.1
2022-09-05T16:00:00.000Z,1662402721.0,652.0,87.1
2022-09-05T17:00:00.000Z,1662405420.5,652.0,87.1
2022-09-05T18:00:00.000Z,1662409020.5,652.0,87.1
2022-09-05T19:00:00.000Z,1662413520.3333333,652.0,87.09999999999998
2022-09-05T20:00:00.000Z,1662417121.0,652.0,87.1
2022-09-05T21:00:00.000Z,1662419820.0,652.0,87.1
2022-09-05T22:00:00.000Z,1662424321.3333333,652.0,87.09999999999998
2022-09-05T23:00:00.000Z,1662427920.0,652.0,87.1
2022-09-06T00:00:00.000Z,1662431520.3333333,652.0,87.09999999999998
2022-09-06T01:00:00.000Z,1662435120.0,652.0,87.1
2022-09-06T02:00:00.000Z,1662438720.3333333,652.0,87.09999999999998
2022-09-06T03:00:00.000Z,1662443220.0,652.0,87.1
2022-09-06T04:00:00.000Z,1662445920.0,652.0,87.1
2022-09-06T05:00:00.000Z,1662448620.0,652.0,87.1
2022-09-06T06:00:00.000Z,1662451320.0,652.0,87.1
2022-09-06T07:00:00.000Z,1662456720.0,652.0,87.1
2022-09-06T08:00:00.000Z,1662459420.5,652.0,87.1
2022-09-06T09:00:00.000Z,1662463919.6666667,652.0,87.09999999999998
2022-09-06T10:00:00.000Z,1662467520.0,652.0,87.1
2022-09-06T11:00:00.000Z,1662471120.3333333,652.0,87.09999999999998
2022-09-06T12:00:00.000Z,1662474721.0,652.0,87.1
2022-09-06T13:00:00.000Z,1662477420.5,652.0,87.1
2022-09-06T14:00:00.000Z,1662481920.6666667,652.0,87.09999999999998
2022-09-06T15:00:00.000Z,1662485520.0,652.0,87.1
2022-09-06T16:00:00.000Z,1662488220.5,652.0,87.1
2022-09-06T17:00:00.000Z,1662491821.0,652.0,87.1
2022-09-06T18:00:00.000Z,1662495420.5,652.0,87.1
2022-09-06T19:00:00.000Z,1662499920.0,652.0,87.09999999999998
2022-09-06T20:00:00.000Z,1662504420.0,652.0,87.1
2022-09-06T21:00:00.000Z,1662507120.0,652.0,87.1
2022-09-06T22:00:00.000Z,1662510721.0,652.0,87.09999999999998
2022-09-06T23:00:00.000Z,1662514320.0,652.0,87.1
2022-09-07T00:00:00.000Z,1662517020.5,652.0,87.1
2022-09-07T01:00:00.000Z,1662521520.0,652.0,87.09999999999998
2022-09-07T02:00:00.000Z,1662525120.0,652.0,87.1
2022-09-07T03:00:00.000Z,1662527820.5,652.0,87.1
2022-09-07T04:00:00.000Z,1662531420.0,652.0,87.1
2022-09-07T05:00:00.000Z,1662535020.0,652.0,87.1
2022-09-07T06:00:00.000Z,1662539520.3333333,652.0,87.09999999999998
2022-09-07T07:00:00.000Z,1662543120.0,652.0,87.1
2022-09-07T08:00:00.000Z,1662546720.0,652.0,87.09999999999998
2022-09-07T09:00:00.000Z,1662550320.0,652.0,87.1
2022-09-07T10:00:00.000Z,1662553020.5,652.0,87.1
2022-09-07T11:00:00.000Z,1662557520.0,652.0,87.09999999999998
2022-09-07T12:00:00.000Z,1662561120.0,652.0,87.1
2022-09-07T13:00:00.000Z,1662563821.5,652.0,87.1
2022-09-07T14:00:00.000Z,1662568320.0,652.0,87.09999999999998
2022-09-07T15:00:00.000Z,1662571921.0,652.0,87.1
2022-09-07T16:00:00.000Z,1662574620.5,652.0,87.1
2022-09-07T17:00:00.000Z,1662578221.0,652.0,87.1
2022-09-07T18:00:00.000Z,1662581820.5,652.0,87.1
2022-09-07T19:00:00.000Z,1662586320.6666667,652.0,87.09999999999998
2022-09-07T20:00:00.000Z,1662589921.0,652.0,87.1
2022-09-07T21:00:00.000Z,1662593520.3333333,652.0,87.09999999999998
2022-09-07T22:00:00.000Z,1662597120.0,652.0,87.1
2022-09-07T23:00:00.000Z,1662600720.0,652.0,87.09999999999998
2022-09-08T00:00:00.000Z,1662604320.0,652.0,87.1
2022-09-08T01:00:00.000Z,1662607020.0,652.0,87.1
2022-09-08T02:00:00.000Z,1662611520.0,652.0,87.09999999999998
2022-09-08T03:00:00.000Z,1662615120.0,652.0,87.1
2022-09-08T04:00:00.000Z,1662618720.0,652.0,87.09999999999998
2022-09-08T05:00:00.000Z,1662622320.0,652.0,87.1
2022-09-08T06:00:00.000Z,1662625020.0,652.0,87.1
2022-09-08T07:00:00.000Z,1662629520.0,652.0,87.09999999999998
2022-09-08T08:00:00.000Z,1662634019.5,652.0,87.1
2022-09-08T09:00:00.000Z,1662636721.0,652.0,87.1
2022-09-08T10:00:00.000Z,1662640320.0,652.0,87.09999999999998
2022-09-08T11:00:00.000Z,1662645720.3333333,652.0,87.09999999999998
2022-09-08T13:00:00.000Z,1662650221.0,652.0,87.1
2022-09-08T14:00:00.000Z,1662653948.0,652.0,87.1
2022-09-08T15:00:00.000Z,1662658325.6666667,652.0,87.09999999999998
2022-09-08T16:00:00.000Z,1662661921.0,652.0,87.1
2022-09-08T17:00:00.000Z,1662664621.5,652.0,87.1
2022-09-08T18:00:00.000Z,1662669120.6666667,652.0,87.09999999999998
2022-09-08T19:00:00.000Z,1662672720.0,652.0,87.1
2022-09-08T20:00:00.000Z,1662675420.5,652.0,87.1
2022-09-08T21:00:00.000Z,1662679920.0,652.0,87.09999999999998
2022-09-08T22:00:00.000Z,1662683521.0,652.0,87.1
2022-09-08T23:00:00.000Z,1662686220.5,652.0,87.1
2022-09-09T00:00:00.000Z,1662689820.0,652.0,87.1
2022-09-09T01:00:00.000Z,1662694320.0,652.0,87.09999999999998
2022-09-09T02:00:00.000Z,1662697920.0,652.0,87.1
2022-09-09T03:00:00.000Z,1662701519.6666667,652.0,87.09999999999998
2022-09-09T04:00:00.000Z,1662705120.0,652.0,87.1
2022-09-09T05:00:00.000Z,1662708720.3333333,652.0,87.09999999999998
2022-09-09T06:00:00.000Z,1662712321.0,652.0,87.1
2022-09-09T07:00:00.000Z,1662715019.5,652.0,87.1
2022-09-09T08:00:00.000Z,1662718620.5,652.0,87.1
2022-09-09T09:00:00.000Z,1662723120.0,652.0,87.09999999999998
2022-09-09T10:00:00.000Z,1662726720.0,652.0,87.1
2022-09-09T11:00:00.000Z,1662730320.3333333,652.0,87.09999999999998
2022-09-09T12:00:00.000Z,1662733920.0,652.0,87.1
2022-09-09T13:00:00.000Z,1662737520.0,652.0,87.09999999999998
2022-09-09T14:00:00.000Z,1662741120.0,652.0,87.1
2022-09-09T15:00:00.000Z,1662743820.0,652.0,87.1
2022-09-09T16:00:00.000Z,1662746520.0,652.0,87.1
